task_id,student_id,task_name,description,deadline,priority
1,20182014,meeting,meeting with friends,1684126441,high
2,20182028,part-time job,collecting fruits,1684525941,normal
3,20182011,cleasing,reorganize the room every month,1684145941,low
4,20171120,running,exercise with friends for events,1684190941,normal
5,20991203,dinning,dinning with family in west town,1684805941,low
6,20232301,reading,finish the road to heaven books,1684140941,normal
7,20182011,watching movie,watch the new fiction series on netflix,1684125441,high
8,20182014,learning korean,practice for kiip exam,1684532941,normal
9,20182028,meeting,zoom meeting with boss for launching of new products,1684423941,high
10,20231357,meeting with psychiatrist,talking about the aggressive behavior and how to overcome it,1684345941,normal
